"Title","Path","Visits","Visitors"
"Emoji Test","2015-09-19-emoji-test.md","1","0"
"iOS 泛型（Lightweight Generice）的使用","2016-04-27-ios 泛型（lightweight generice）的使用.markdown","2","0"
"关于AssetsLibrary和PhotosKit","2016-07-29-关于assetslibrary和photoskit.md","17","0"
"Highlight Test","2017-07-19-highlight-test.md","1","0"
"Next Theme Tutorial","2017-07-20-next-tutorial.md","3","0"
"aboutme","about.md","108","0"
"index","index.md","17","0"
"link","link.md","5","0"
"project","project.md","27","0"
